+------------------------------------------------------------------------------------------------------------------------------------------------------------------------------------------------------------------------------------------------------------------------------------------------------------------------------------------------------------------------------+
; Legal Partition Candidates                                                                                                                                                                                                                                                                                                                                                   ;
+-------------------------------------------------------------------------------------------------------------------------------------------------------------------------+-------+----------------+--------------+----------------+--------+-----------------+---------------+-----------------+-------+----------------+--------------+------------------+-------------------+
; Hierarchy                                                                                                                                                               ; Input ; Constant Input ; Unused Input ; Floating Input ; Output ; Constant Output ; Unused Output ; Floating Output ; Bidir ; Constant Bidir ; Unused Bidir ; Input only Bidir ; Output only Bidir ;
+-------------------------------------------------------------------------------------------------------------------------------------------------------------------------+-------+----------------+--------------+----------------+--------+-----------------+---------------+-----------------+-------+----------------+--------------+------------------+-------------------+
; inst1|sw9_2                                                                                                                                                             ; 16    ; 0              ; 0            ; 0              ; 16     ; 0               ; 0             ; 0               ; 0     ; 0              ; 0            ; 0                ; 0                 ;
; inst1|sw9_1                                                                                                                                                             ; 16    ; 0              ; 0            ; 0              ; 16     ; 0               ; 0             ; 0               ; 0     ; 0              ; 0            ; 0                ; 0                 ;
; inst1|sw9_0                                                                                                                                                             ; 16    ; 0              ; 0            ; 0              ; 16     ; 0               ; 0             ; 0               ; 0     ; 0              ; 0            ; 0                ; 0                 ;
; inst1|sw8_1                                                                                                                                                             ; 16    ; 0              ; 0            ; 0              ; 16     ; 0               ; 0             ; 0               ; 0     ; 0              ; 0            ; 0                ; 0                 ;
; inst1|sw8_0                                                                                                                                                             ; 16    ; 0              ; 0            ; 0              ; 16     ; 0               ; 0             ; 0               ; 0     ; 0              ; 0            ; 0                ; 0                 ;
; inst1|sw7_1                                                                                                                                                             ; 16    ; 0              ; 0            ; 0              ; 16     ; 0               ; 0             ; 0               ; 0     ; 0              ; 0            ; 0                ; 0                 ;
; inst1|sw7_0                                                                                                                                                             ; 16    ; 0              ; 0            ; 0              ; 16     ; 0               ; 0             ; 0               ; 0     ; 0              ; 0            ; 0                ; 0                 ;
; inst1|sw6_2                                                                                                                                                             ; 16    ; 0              ; 0            ; 0              ; 16     ; 0               ; 0             ; 0               ; 0     ; 0              ; 0            ; 0                ; 0                 ;
; inst1|sw6_1                                                                                                                                                             ; 16    ; 0              ; 0            ; 0              ; 16     ; 0               ; 0             ; 0               ; 0     ; 0              ; 0            ; 0                ; 0                 ;
; inst1|sw6_0                                                                                                                                                             ; 16    ; 0              ; 0            ; 0              ; 16     ; 0               ; 0             ; 0               ; 0     ; 0              ; 0            ; 0                ; 0                 ;
; inst1|sw5_3                                                                                                                                                             ; 16    ; 0              ; 0            ; 0              ; 16     ; 0               ; 0             ; 0               ; 0     ; 0              ; 0            ; 0                ; 0                 ;
; inst1|sw5_2                                                                                                                                                             ; 16    ; 0              ; 0            ; 0              ; 16     ; 0               ; 0             ; 0               ; 0     ; 0              ; 0            ; 0                ; 0                 ;
; inst1|sw5_1                                                                                                                                                             ; 16    ; 0              ; 0            ; 0              ; 16     ; 0               ; 0             ; 0               ; 0     ; 0              ; 0            ; 0                ; 0                 ;
; inst1|sw5_0                                                                                                                                                             ; 16    ; 0              ; 0            ; 0              ; 16     ; 0               ; 0             ; 0               ; 0     ; 0              ; 0            ; 0                ; 0                 ;
; inst1|sw4_3                                                                                                                                                             ; 16    ; 0              ; 0            ; 0              ; 16     ; 0               ; 0             ; 0               ; 0     ; 0              ; 0            ; 0                ; 0                 ;
; inst1|sw4_2                                                                                                                                                             ; 16    ; 0              ; 0            ; 0              ; 16     ; 0               ; 0             ; 0               ; 0     ; 0              ; 0            ; 0                ; 0                 ;
; inst1|sw4_1                                                                                                                                                             ; 16    ; 0              ; 0            ; 0              ; 16     ; 0               ; 0             ; 0               ; 0     ; 0              ; 0            ; 0                ; 0                 ;
; inst1|sw4_0                                                                                                                                                             ; 16    ; 0              ; 0            ; 0              ; 16     ; 0               ; 0             ; 0               ; 0     ; 0              ; 0            ; 0                ; 0                 ;
; inst1|sw3_3                                                                                                                                                             ; 16    ; 0              ; 0            ; 0              ; 16     ; 0               ; 0             ; 0               ; 0     ; 0              ; 0            ; 0                ; 0                 ;
; inst1|sw3_2                                                                                                                                                             ; 16    ; 0              ; 0            ; 0              ; 16     ; 0               ; 0             ; 0               ; 0     ; 0              ; 0            ; 0                ; 0                 ;
; inst1|sw3_1                                                                                                                                                             ; 16    ; 0              ; 0            ; 0              ; 16     ; 0               ; 0             ; 0               ; 0     ; 0              ; 0            ; 0                ; 0                 ;
; inst1|sw3_0                                                                                                                                                             ; 16    ; 0              ; 0            ; 0              ; 16     ; 0               ; 0             ; 0               ; 0     ; 0              ; 0            ; 0                ; 0                 ;
; inst1|sw2_3                                                                                                                                                             ; 16    ; 0              ; 0            ; 0              ; 16     ; 0               ; 0             ; 0               ; 0     ; 0              ; 0            ; 0                ; 0                 ;
; inst1|sw2_2                                                                                                                                                             ; 16    ; 0              ; 0            ; 0              ; 16     ; 0               ; 0             ; 0               ; 0     ; 0              ; 0            ; 0                ; 0                 ;
; inst1|sw2_1                                                                                                                                                             ; 16    ; 0              ; 0            ; 0              ; 16     ; 0               ; 0             ; 0               ; 0     ; 0              ; 0            ; 0                ; 0                 ;
; inst1|sw2_0                                                                                                                                                             ; 16    ; 0              ; 0            ; 0              ; 16     ; 0               ; 0             ; 0               ; 0     ; 0              ; 0            ; 0                ; 0                 ;
; inst1|sw1_3                                                                                                                                                             ; 16    ; 0              ; 0            ; 0              ; 16     ; 0               ; 0             ; 0               ; 0     ; 0              ; 0            ; 0                ; 0                 ;
; inst1|sw1_2                                                                                                                                                             ; 16    ; 0              ; 0            ; 0              ; 16     ; 0               ; 0             ; 0               ; 0     ; 0              ; 0            ; 0                ; 0                 ;
; inst1|sw1_1                                                                                                                                                             ; 16    ; 0              ; 0            ; 0              ; 16     ; 0               ; 0             ; 0               ; 0     ; 0              ; 0            ; 0                ; 0                 ;
; inst1|sw1_0                                                                                                                                                             ; 16    ; 0              ; 0            ; 0              ; 16     ; 0               ; 0             ; 0               ; 0     ; 0              ; 0            ; 0                ; 0                 ;
; inst1                                                                                                                                                                   ; 72    ; 0              ; 0            ; 0              ; 8      ; 0               ; 0             ; 0               ; 0     ; 0              ; 0            ; 0                ; 0                 ;
; inst7                                                                                                                                                                   ; 11    ; 0              ; 0            ; 0              ; 8193   ; 0               ; 0             ; 0               ; 0     ; 0              ; 0            ; 0                ; 0                 ;
; inst3                                                                                                                                                                   ; 8195  ; 1              ; 0            ; 1              ; 2049   ; 1               ; 1             ; 1               ; 0     ; 0              ; 0            ; 0                ; 0                 ;
; inst8                                                                                                                                                                   ; 2059  ; 1              ; 0            ; 1              ; 9      ; 1               ; 1             ; 1               ; 0     ; 0              ; 0            ; 0                ; 0                 ;
; inst|irq_mapper                                                                                                                                                         ; 3     ; 31             ; 2            ; 31             ; 32     ; 31              ; 31            ; 31              ; 0     ; 0              ; 0            ; 0                ; 0                 ;
; inst|crosser_001|clock_xer                                                                                                                                              ; 132   ; 0              ; 0            ; 0              ; 128    ; 0               ; 0             ; 0               ; 0     ; 0              ; 0            ; 0                ; 0                 ;
; inst|crosser_001                                                                                                                                                        ; 134   ; 2              ; 0            ; 2              ; 128    ; 2               ; 2             ; 2               ; 0     ; 0              ; 0            ; 0                ; 0                 ;
; inst|crosser|clock_xer                                                                                                                                                  ; 132   ; 0              ; 0            ; 0              ; 128    ; 0               ; 0             ; 0               ; 0     ; 0              ; 0            ; 0                ; 0                 ;
; inst|crosser                                                                                                                                                            ; 134   ; 2              ; 0            ; 2              ; 128    ; 2               ; 2             ; 2               ; 0     ; 0              ; 0            ; 0                ; 0                 ;
; inst|width_adapter_001|uncompressor                                                                                                                                     ; 41    ; 4              ; 0            ; 4              ; 32     ; 4               ; 4             ; 4               ; 0     ; 0              ; 0            ; 0                ; 0                 ;
; inst|width_adapter_001                                                                                                                                                  ; 115   ; 3              ; 0            ; 3              ; 128    ; 3               ; 3             ; 3               ; 0     ; 0              ; 0            ; 0                ; 0                 ;
; inst|width_adapter                                                                                                                                                      ; 133   ; 3              ; 0            ; 3              ; 110    ; 3               ; 3             ; 3               ; 0     ; 0              ; 0            ; 0                ; 0                 ;
; inst|rsp_xbar_mux_001|arb|adder                                                                                                                                         ; 84    ; 42             ; 0            ; 42             ; 42     ; 42              ; 42            ; 42              ; 0     ; 0              ; 0            ; 0                ; 0                 ;
; inst|rsp_xbar_mux_001|arb                                                                                                                                               ; 25    ; 0              ; 4            ; 0              ; 21     ; 0               ; 0             ; 0               ; 0     ; 0              ; 0            ; 0                ; 0                 ;
; inst|rsp_xbar_mux_001                                                                                                                                                   ; 2670  ; 0              ; 0            ; 0              ; 148    ; 0               ; 0             ; 0               ; 0     ; 0              ; 0            ; 0                ; 0                 ;
; inst|rsp_xbar_mux|arb|adder                                                                                                                                             ; 88    ; 44             ; 0            ; 44             ; 44     ; 44              ; 44            ; 44              ; 0     ; 0              ; 0            ; 0                ; 0                 ;
; inst|rsp_xbar_mux|arb                                                                                                                                                   ; 26    ; 0              ; 4            ; 0              ; 22     ; 0               ; 0             ; 0               ; 0     ; 0              ; 0            ; 0                ; 0                 ;
; inst|rsp_xbar_mux                                                                                                                                                       ; 2797  ; 0              ; 0            ; 0              ; 149    ; 0               ; 0             ; 0               ; 0     ; 0              ; 0            ; 0                ; 0                 ;
; inst|rsp_xbar_demux_021                                                                                                                                                 ; 131   ; 4              ; 2            ; 4              ; 255    ; 4               ; 4             ; 4               ; 0     ; 0              ; 0            ; 0                ; 0                 ;
; inst|rsp_xbar_demux_020                                                                                                                                                 ; 131   ; 4              ; 2            ; 4              ; 255    ; 4               ; 4             ; 4               ; 0     ; 0              ; 0            ; 0                ; 0                 ;
; inst|rsp_xbar_demux_019                                                                                                                                                 ; 131   ; 4              ; 2            ; 4              ; 255    ; 4               ; 4             ; 4               ; 0     ; 0              ; 0            ; 0                ; 0                 ;
; inst|rsp_xbar_demux_018                                                                                                                                                 ; 131   ; 4              ; 2            ; 4              ; 255    ; 4               ; 4             ; 4               ; 0     ; 0              ; 0            ; 0                ; 0                 ;
; inst|rsp_xbar_demux_017                                                                                                                                                 ; 131   ; 4              ; 2            ; 4              ; 255    ; 4               ; 4             ; 4               ; 0     ; 0              ; 0            ; 0                ; 0                 ;
; inst|rsp_xbar_demux_016                                                                                                                                                 ; 131   ; 4              ; 2            ; 4              ; 255    ; 4               ; 4             ; 4               ; 0     ; 0              ; 0            ; 0                ; 0                 ;
; inst|rsp_xbar_demux_015                                                                                                                                                 ; 131   ; 4              ; 2            ; 4              ; 255    ; 4               ; 4             ; 4               ; 0     ; 0              ; 0            ; 0                ; 0                 ;
; inst|rsp_xbar_demux_014                                                                                                                                                 ; 131   ; 4              ; 2            ; 4              ; 255    ; 4               ; 4             ; 4               ; 0     ; 0              ; 0            ; 0                ; 0                 ;
; inst|rsp_xbar_demux_013                                                                                                                                                 ; 131   ; 4              ; 2            ; 4              ; 255    ; 4               ; 4             ; 4               ; 0     ; 0              ; 0            ; 0                ; 0                 ;
; inst|rsp_xbar_demux_012                                                                                                                                                 ; 131   ; 4              ; 2            ; 4              ; 255    ; 4               ; 4             ; 4               ; 0     ; 0              ; 0            ; 0                ; 0                 ;
; inst|rsp_xbar_demux_011                                                                                                                                                 ; 131   ; 4              ; 2            ; 4              ; 255    ; 4               ; 4             ; 4               ; 0     ; 0              ; 0            ; 0                ; 0                 ;
; inst|rsp_xbar_demux_010                                                                                                                                                 ; 131   ; 4              ; 2            ; 4              ; 255    ; 4               ; 4             ; 4               ; 0     ; 0              ; 0            ; 0                ; 0                 ;
; inst|rsp_xbar_demux_009                                                                                                                                                 ; 131   ; 4              ; 2            ; 4              ; 255    ; 4               ; 4             ; 4               ; 0     ; 0              ; 0            ; 0                ; 0                 ;
; inst|rsp_xbar_demux_008                                                                                                                                                 ; 131   ; 4              ; 2            ; 4              ; 255    ; 4               ; 4             ; 4               ; 0     ; 0              ; 0            ; 0                ; 0                 ;
; inst|rsp_xbar_demux_007                                                                                                                                                 ; 131   ; 4              ; 2            ; 4              ; 255    ; 4               ; 4             ; 4               ; 0     ; 0              ; 0            ; 0                ; 0                 ;
; inst|rsp_xbar_demux_006                                                                                                                                                 ; 131   ; 4              ; 2            ; 4              ; 255    ; 4               ; 4             ; 4               ; 0     ; 0              ; 0            ; 0                ; 0                 ;
; inst|rsp_xbar_demux_005                                                                                                                                                 ; 131   ; 4              ; 2            ; 4              ; 255    ; 4               ; 4             ; 4               ; 0     ; 0              ; 0            ; 0                ; 0                 ;
; inst|rsp_xbar_demux_004                                                                                                                                                 ; 130   ; 1              ; 2            ; 1              ; 128    ; 1               ; 1             ; 1               ; 0     ; 0              ; 0            ; 0                ; 0                 ;
; inst|rsp_xbar_demux_003                                                                                                                                                 ; 131   ; 4              ; 2            ; 4              ; 255    ; 4               ; 4             ; 4               ; 0     ; 0              ; 0            ; 0                ; 0                 ;
; inst|rsp_xbar_demux_002                                                                                                                                                 ; 131   ; 4              ; 2            ; 4              ; 255    ; 4               ; 4             ; 4               ; 0     ; 0              ; 0            ; 0                ; 0                 ;
; inst|rsp_xbar_demux_001                                                                                                                                                 ; 131   ; 4              ; 2            ; 4              ; 255    ; 4               ; 4             ; 4               ; 0     ; 0              ; 0            ; 0                ; 0                 ;
; inst|rsp_xbar_demux                                                                                                                                                     ; 131   ; 4              ; 2            ; 4              ; 255    ; 4               ; 4             ; 4               ; 0     ; 0              ; 0            ; 0                ; 0                 ;
; inst|cmd_xbar_mux_021|arb|adder                                                                                                                                         ; 8     ; 2              ; 0            ; 2              ; 4      ; 2               ; 2             ; 2               ; 0     ; 0              ; 0            ; 0                ; 0                 ;
; inst|cmd_xbar_mux_021|arb                                                                                                                                               ; 6     ; 0              ; 1            ; 0              ; 2      ; 0               ; 0             ; 0               ; 0     ; 0              ; 0            ; 0                ; 0                 ;
; inst|cmd_xbar_mux_021                                                                                                                                                   ; 257   ; 0              ; 0            ; 0              ; 129    ; 0               ; 0             ; 0               ; 0     ; 0              ; 0            ; 0                ; 0                 ;
; inst|cmd_xbar_mux_020|arb|adder                                                                                                                                         ; 8     ; 2              ; 0            ; 2              ; 4      ; 2               ; 2             ; 2               ; 0     ; 0              ; 0            ; 0                ; 0                 ;
; inst|cmd_xbar_mux_020|arb                                                                                                                                               ; 6     ; 0              ; 1            ; 0              ; 2      ; 0               ; 0             ; 0               ; 0     ; 0              ; 0            ; 0                ; 0                 ;
; inst|cmd_xbar_mux_020                                                                                                                                                   ; 257   ; 0              ; 0            ; 0              ; 129    ; 0               ; 0             ; 0               ; 0     ; 0              ; 0            ; 0                ; 0                 ;
; inst|cmd_xbar_mux_019|arb|adder                                                                                                                                         ; 8     ; 2              ; 0            ; 2              ; 4      ; 2               ; 2             ; 2               ; 0     ; 0              ; 0            ; 0                ; 0                 ;
; inst|cmd_xbar_mux_019|arb                                                                                                                                               ; 6     ; 0              ; 1            ; 0              ; 2      ; 0               ; 0             ; 0               ; 0     ; 0              ; 0            ; 0                ; 0                 ;
; inst|cmd_xbar_mux_019                                                                                                                                                   ; 257   ; 0              ; 0            ; 0              ; 129    ; 0               ; 0             ; 0               ; 0     ; 0              ; 0            ; 0                ; 0                 ;
; inst|cmd_xbar_mux_018|arb|adder                                                                                                                                         ; 8     ; 2              ; 0            ; 2              ; 4      ; 2               ; 2             ; 2               ; 0     ; 0              ; 0            ; 0                ; 0                 ;
; inst|cmd_xbar_mux_018|arb                                                                                                                                               ; 6     ; 0              ; 1            ; 0              ; 2      ; 0               ; 0             ; 0               ; 0     ; 0              ; 0            ; 0                ; 0                 ;
; inst|cmd_xbar_mux_018                                                                                                                                                   ; 257   ; 0              ; 0            ; 0              ; 129    ; 0               ; 0             ; 0               ; 0     ; 0              ; 0            ; 0                ; 0                 ;
; inst|cmd_xbar_mux_017|arb|adder                                                                                                                                         ; 8     ; 2              ; 0            ; 2              ; 4      ; 2               ; 2             ; 2               ; 0     ; 0              ; 0            ; 0                ; 0                 ;
; inst|cmd_xbar_mux_017|arb                                                                                                                                               ; 6     ; 0              ; 1            ; 0              ; 2      ; 0               ; 0             ; 0               ; 0     ; 0              ; 0            ; 0                ; 0                 ;
; inst|cmd_xbar_mux_017                                                                                                                                                   ; 257   ; 0              ; 0            ; 0              ; 129    ; 0               ; 0             ; 0               ; 0     ; 0              ; 0            ; 0                ; 0                 ;
; inst|cmd_xbar_mux_016|arb|adder                                                                                                                                         ; 8     ; 2              ; 0            ; 2              ; 4      ; 2               ; 2             ; 2               ; 0     ; 0              ; 0            ; 0                ; 0                 ;
; inst|cmd_xbar_mux_016|arb                                                                                                                                               ; 6     ; 0              ; 1            ; 0              ; 2      ; 0               ; 0             ; 0               ; 0     ; 0              ; 0            ; 0                ; 0                 ;
; inst|cmd_xbar_mux_016                                                                                                                                                   ; 257   ; 0              ; 0            ; 0              ; 129    ; 0               ; 0             ; 0               ; 0     ; 0              ; 0            ; 0                ; 0                 ;
; inst|cmd_xbar_mux_015|arb|adder                                                                                                                                         ; 8     ; 2              ; 0            ; 2              ; 4      ; 2               ; 2             ; 2               ; 0     ; 0              ; 0            ; 0                ; 0                 ;
; inst|cmd_xbar_mux_015|arb                                                                                                                                               ; 6     ; 0              ; 1            ; 0              ; 2      ; 0               ; 0             ; 0               ; 0     ; 0              ; 0            ; 0                ; 0                 ;
; inst|cmd_xbar_mux_015                                                                                                                                                   ; 257   ; 0              ; 0            ; 0              ; 129    ; 0               ; 0             ; 0               ; 0     ; 0              ; 0            ; 0                ; 0                 ;
; inst|cmd_xbar_mux_014|arb|adder                                                                                                                                         ; 8     ; 2              ; 0            ; 2              ; 4      ; 2               ; 2             ; 2               ; 0     ; 0              ; 0            ; 0                ; 0                 ;
; inst|cmd_xbar_mux_014|arb                                                                                                                                               ; 6     ; 0              ; 1            ; 0              ; 2      ; 0               ; 0             ; 0               ; 0     ; 0              ; 0            ; 0                ; 0                 ;
; inst|cmd_xbar_mux_014                                                                                                                                                   ; 257   ; 0              ; 0            ; 0              ; 129    ; 0               ; 0             ; 0               ; 0     ; 0              ; 0            ; 0                ; 0                 ;
; inst|cmd_xbar_mux_013|arb|adder                                                                                                                                         ; 8     ; 2              ; 0            ; 2              ; 4      ; 2               ; 2             ; 2               ; 0     ; 0              ; 0            ; 0                ; 0                 ;
; inst|cmd_xbar_mux_013|arb                                                                                                                                               ; 6     ; 0              ; 1            ; 0              ; 2      ; 0               ; 0             ; 0               ; 0     ; 0              ; 0            ; 0                ; 0                 ;
; inst|cmd_xbar_mux_013                                                                                                                                                   ; 257   ; 0              ; 0            ; 0              ; 129    ; 0               ; 0             ; 0               ; 0     ; 0              ; 0            ; 0                ; 0                 ;
; inst|cmd_xbar_mux_012|arb|adder                                                                                                                                         ; 8     ; 2              ; 0            ; 2              ; 4      ; 2               ; 2             ; 2               ; 0     ; 0              ; 0            ; 0                ; 0                 ;
; inst|cmd_xbar_mux_012|arb                                                                                                                                               ; 6     ; 0              ; 1            ; 0              ; 2      ; 0               ; 0             ; 0               ; 0     ; 0              ; 0            ; 0                ; 0                 ;
; inst|cmd_xbar_mux_012                                                                                                                                                   ; 257   ; 0              ; 0            ; 0              ; 129    ; 0               ; 0             ; 0               ; 0     ; 0              ; 0            ; 0                ; 0                 ;
; inst|cmd_xbar_mux_011|arb|adder                                                                                                                                         ; 8     ; 2              ; 0            ; 2              ; 4      ; 2               ; 2             ; 2               ; 0     ; 0              ; 0            ; 0                ; 0                 ;
; inst|cmd_xbar_mux_011|arb                                                                                                                                               ; 6     ; 0              ; 1            ; 0              ; 2      ; 0               ; 0             ; 0               ; 0     ; 0              ; 0            ; 0                ; 0                 ;
; inst|cmd_xbar_mux_011                                                                                                                                                   ; 257   ; 0              ; 0            ; 0              ; 129    ; 0               ; 0             ; 0               ; 0     ; 0              ; 0            ; 0                ; 0                 ;
; inst|cmd_xbar_mux_010|arb|adder                                                                                                                                         ; 8     ; 2              ; 0            ; 2              ; 4      ; 2               ; 2             ; 2               ; 0     ; 0              ; 0            ; 0                ; 0                 ;
; inst|cmd_xbar_mux_010|arb                                                                                                                                               ; 6     ; 0              ; 1            ; 0              ; 2      ; 0               ; 0             ; 0               ; 0     ; 0              ; 0            ; 0                ; 0                 ;
; inst|cmd_xbar_mux_010                                                                                                                                                   ; 257   ; 0              ; 0            ; 0              ; 129    ; 0               ; 0             ; 0               ; 0     ; 0              ; 0            ; 0                ; 0                 ;
; inst|cmd_xbar_mux_009|arb|adder                                                                                                                                         ; 8     ; 2              ; 0            ; 2              ; 4      ; 2               ; 2             ; 2               ; 0     ; 0              ; 0            ; 0                ; 0                 ;
; inst|cmd_xbar_mux_009|arb                                                                                                                                               ; 6     ; 0              ; 1            ; 0              ; 2      ; 0               ; 0             ; 0               ; 0     ; 0              ; 0            ; 0                ; 0                 ;
; inst|cmd_xbar_mux_009                                                                                                                                                   ; 257   ; 0              ; 0            ; 0              ; 129    ; 0               ; 0             ; 0               ; 0     ; 0              ; 0            ; 0                ; 0                 ;
; inst|cmd_xbar_mux_008|arb|adder                                                                                                                                         ; 8     ; 2              ; 0            ; 2              ; 4      ; 2               ; 2             ; 2               ; 0     ; 0              ; 0            ; 0                ; 0                 ;
; inst|cmd_xbar_mux_008|arb                                                                                                                                               ; 6     ; 0              ; 1            ; 0              ; 2      ; 0               ; 0             ; 0               ; 0     ; 0              ; 0            ; 0                ; 0                 ;
; inst|cmd_xbar_mux_008                                                                                                                                                   ; 257   ; 0              ; 0            ; 0              ; 129    ; 0               ; 0             ; 0               ; 0     ; 0              ; 0            ; 0                ; 0                 ;
; inst|cmd_xbar_mux_007|arb|adder                                                                                                                                         ; 8     ; 2              ; 0            ; 2              ; 4      ; 2               ; 2             ; 2               ; 0     ; 0              ; 0            ; 0                ; 0                 ;
; inst|cmd_xbar_mux_007|arb                                                                                                                                               ; 6     ; 0              ; 1            ; 0              ; 2      ; 0               ; 0             ; 0               ; 0     ; 0              ; 0            ; 0                ; 0                 ;
; inst|cmd_xbar_mux_007                                                                                                                                                   ; 257   ; 0              ; 0            ; 0              ; 129    ; 0               ; 0             ; 0               ; 0     ; 0              ; 0            ; 0                ; 0                 ;
; inst|cmd_xbar_mux_006|arb|adder                                                                                                                                         ; 8     ; 2              ; 0            ; 2              ; 4      ; 2               ; 2             ; 2               ; 0     ; 0              ; 0            ; 0                ; 0                 ;
; inst|cmd_xbar_mux_006|arb                                                                                                                                               ; 6     ; 0              ; 1            ; 0              ; 2      ; 0               ; 0             ; 0               ; 0     ; 0              ; 0            ; 0                ; 0                 ;
; inst|cmd_xbar_mux_006                                                                                                                                                   ; 257   ; 0              ; 0            ; 0              ; 129    ; 0               ; 0             ; 0               ; 0     ; 0              ; 0            ; 0                ; 0                 ;
; inst|cmd_xbar_mux_005|arb|adder                                                                                                                                         ; 8     ; 2              ; 0            ; 2              ; 4      ; 2               ; 2             ; 2               ; 0     ; 0              ; 0            ; 0                ; 0                 ;
; inst|cmd_xbar_mux_005|arb                                                                                                                                               ; 6     ; 0              ; 1            ; 0              ; 2      ; 0               ; 0             ; 0               ; 0     ; 0              ; 0            ; 0                ; 0                 ;
; inst|cmd_xbar_mux_005                                                                                                                                                   ; 257   ; 0              ; 0            ; 0              ; 129    ; 0               ; 0             ; 0               ; 0     ; 0              ; 0            ; 0                ; 0                 ;
; inst|cmd_xbar_mux_003|arb|adder                                                                                                                                         ; 8     ; 2              ; 0            ; 2              ; 4      ; 2               ; 2             ; 2               ; 0     ; 0              ; 0            ; 0                ; 0                 ;
; inst|cmd_xbar_mux_003|arb                                                                                                                                               ; 6     ; 0              ; 1            ; 0              ; 2      ; 0               ; 0             ; 0               ; 0     ; 0              ; 0            ; 0                ; 0                 ;
; inst|cmd_xbar_mux_003                                                                                                                                                   ; 257   ; 0              ; 0            ; 0              ; 129    ; 0               ; 0             ; 0               ; 0     ; 0              ; 0            ; 0                ; 0                 ;
; inst|cmd_xbar_mux_002|arb|adder                                                                                                                                         ; 8     ; 2              ; 0            ; 2              ; 4      ; 2               ; 2             ; 2               ; 0     ; 0              ; 0            ; 0                ; 0                 ;
; inst|cmd_xbar_mux_002|arb                                                                                                                                               ; 6     ; 0              ; 1            ; 0              ; 2      ; 0               ; 0             ; 0               ; 0     ; 0              ; 0            ; 0                ; 0                 ;
; inst|cmd_xbar_mux_002                                                                                                                                                   ; 257   ; 0              ; 0            ; 0              ; 129    ; 0               ; 0             ; 0               ; 0     ; 0              ; 0            ; 0                ; 0                 ;
; inst|cmd_xbar_mux_001|arb|adder                                                                                                                                         ; 8     ; 2              ; 0            ; 2              ; 4      ; 2               ; 2             ; 2               ; 0     ; 0              ; 0            ; 0                ; 0                 ;
; inst|cmd_xbar_mux_001|arb                                                                                                                                               ; 6     ; 0              ; 1            ; 0              ; 2      ; 0               ; 0             ; 0               ; 0     ; 0              ; 0            ; 0                ; 0                 ;
; inst|cmd_xbar_mux_001                                                                                                                                                   ; 257   ; 0              ; 0            ; 0              ; 129    ; 0               ; 0             ; 0               ; 0     ; 0              ; 0            ; 0                ; 0                 ;
; inst|cmd_xbar_mux|arb|adder                                                                                                                                             ; 8     ; 2              ; 0            ; 2              ; 4      ; 2               ; 2             ; 2               ; 0     ; 0              ; 0            ; 0                ; 0                 ;
; inst|cmd_xbar_mux|arb                                                                                                                                                   ; 6     ; 0              ; 1            ; 0              ; 2      ; 0               ; 0             ; 0               ; 0     ; 0              ; 0            ; 0                ; 0                 ;
; inst|cmd_xbar_mux                                                                                                                                                       ; 257   ; 0              ; 0            ; 0              ; 129    ; 0               ; 0             ; 0               ; 0     ; 0              ; 0            ; 0                ; 0                 ;
; inst|cmd_xbar_demux_001                                                                                                                                                 ; 150   ; 441            ; 2            ; 441            ; 2668   ; 441             ; 441           ; 441             ; 0     ; 0              ; 0            ; 0                ; 0                 ;
; inst|cmd_xbar_demux                                                                                                                                                     ; 151   ; 484            ; 2            ; 484            ; 2795   ; 484             ; 484           ; 484             ; 0     ; 0              ; 0            ; 0                ; 0                 ;
; inst|rst_controller_002|alt_rst_sync_uq1                                                                                                                                ; 2     ; 0              ; 0            ; 0              ; 1      ; 0               ; 0             ; 0               ; 0     ; 0              ; 0            ; 0                ; 0                 ;
; inst|rst_controller_002                                                                                                                                                 ; 17    ; 15             ; 0            ; 15             ; 1      ; 15              ; 15            ; 15              ; 0     ; 0              ; 0            ; 0                ; 0                 ;
; inst|rst_controller_001|alt_rst_sync_uq1                                                                                                                                ; 2     ; 0              ; 0            ; 0              ; 1      ; 0               ; 0             ; 0               ; 0     ; 0              ; 0            ; 0                ; 0                 ;
; inst|rst_controller_001                                                                                                                                                 ; 17    ; 15             ; 0            ; 15             ; 1      ; 15              ; 15            ; 15              ; 0     ; 0              ; 0            ; 0                ; 0                 ;
; inst|rst_controller|alt_rst_sync_uq1                                                                                                                                    ; 2     ; 0              ; 0            ; 0              ; 1      ; 0               ; 0             ; 0               ; 0     ; 0              ; 0            ; 0                ; 0                 ;
; inst|rst_controller                                                                                                                                                     ; 17    ; 14             ; 0            ; 14             ; 2      ; 14              ; 14            ; 14              ; 0     ; 0              ; 0            ; 0                ; 0                 ;
; inst|burst_adapter|altera_merlin_burst_adapter_uncompressed_only.the_ba                                                                                                 ; 112   ; 3              ; 5            ; 3              ; 110    ; 3               ; 3             ; 3               ; 0     ; 0              ; 0            ; 0                ; 0                 ;
; inst|burst_adapter                                                                                                                                                      ; 112   ; 0              ; 0            ; 0              ; 110    ; 0               ; 0             ; 0               ; 0     ; 0              ; 0            ; 0                ; 0                 ;
; inst|id_router_021|the_default_decode                                                                                                                                   ; 0     ; 27             ; 0            ; 27             ; 27     ; 27              ; 27            ; 27              ; 0     ; 0              ; 0            ; 0                ; 0                 ;
; inst|id_router_021                                                                                                                                                      ; 108   ; 0              ; 2            ; 0              ; 128    ; 0               ; 0             ; 0               ; 0     ; 0              ; 0            ; 0                ; 0                 ;
; inst|id_router_020|the_default_decode                                                                                                                                   ; 0     ; 27             ; 0            ; 27             ; 27     ; 27              ; 27            ; 27              ; 0     ; 0              ; 0            ; 0                ; 0                 ;
; inst|id_router_020                                                                                                                                                      ; 108   ; 0              ; 2            ; 0              ; 128    ; 0               ; 0             ; 0               ; 0     ; 0              ; 0            ; 0                ; 0                 ;
; inst|id_router_019|the_default_decode                                                                                                                                   ; 0     ; 27             ; 0            ; 27             ; 27     ; 27              ; 27            ; 27              ; 0     ; 0              ; 0            ; 0                ; 0                 ;
; inst|id_router_019                                                                                                                                                      ; 108   ; 0              ; 2            ; 0              ; 128    ; 0               ; 0             ; 0               ; 0     ; 0              ; 0            ; 0                ; 0                 ;
; inst|id_router_018|the_default_decode                                                                                                                                   ; 0     ; 27             ; 0            ; 27             ; 27     ; 27              ; 27            ; 27              ; 0     ; 0              ; 0            ; 0                ; 0                 ;
; inst|id_router_018                                                                                                                                                      ; 108   ; 0              ; 2            ; 0              ; 128    ; 0               ; 0             ; 0               ; 0     ; 0              ; 0            ; 0                ; 0                 ;
; inst|id_router_017|the_default_decode                                                                                                                                   ; 0     ; 27             ; 0            ; 27             ; 27     ; 27              ; 27            ; 27              ; 0     ; 0              ; 0            ; 0                ; 0                 ;
; inst|id_router_017                                                                                                                                                      ; 108   ; 0              ; 2            ; 0              ; 128    ; 0               ; 0             ; 0               ; 0     ; 0              ; 0            ; 0                ; 0                 ;
; inst|id_router_016|the_default_decode                                                                                                                                   ; 0     ; 27             ; 0            ; 27             ; 27     ; 27              ; 27            ; 27              ; 0     ; 0              ; 0            ; 0                ; 0                 ;
; inst|id_router_016                                                                                                                                                      ; 108   ; 0              ; 2            ; 0              ; 128    ; 0               ; 0             ; 0               ; 0     ; 0              ; 0            ; 0                ; 0                 ;
; inst|id_router_015|the_default_decode                                                                                                                                   ; 0     ; 27             ; 0            ; 27             ; 27     ; 27              ; 27            ; 27              ; 0     ; 0              ; 0            ; 0                ; 0                 ;
; inst|id_router_015                                                                                                                                                      ; 108   ; 0              ; 2            ; 0              ; 128    ; 0               ; 0             ; 0               ; 0     ; 0              ; 0            ; 0                ; 0                 ;
; inst|id_router_014|the_default_decode                                                                                                                                   ; 0     ; 27             ; 0            ; 27             ; 27     ; 27              ; 27            ; 27              ; 0     ; 0              ; 0            ; 0                ; 0                 ;
; inst|id_router_014                                                                                                                                                      ; 108   ; 0              ; 2            ; 0              ; 128    ; 0               ; 0             ; 0               ; 0     ; 0              ; 0            ; 0                ; 0                 ;
; inst|id_router_013|the_default_decode                                                                                                                                   ; 0     ; 27             ; 0            ; 27             ; 27     ; 27              ; 27            ; 27              ; 0     ; 0              ; 0            ; 0                ; 0                 ;
; inst|id_router_013                                                                                                                                                      ; 108   ; 0              ; 2            ; 0              ; 128    ; 0               ; 0             ; 0               ; 0     ; 0              ; 0            ; 0                ; 0                 ;
; inst|id_router_012|the_default_decode                                                                                                                                   ; 0     ; 27             ; 0            ; 27             ; 27     ; 27              ; 27            ; 27              ; 0     ; 0              ; 0            ; 0                ; 0                 ;
; inst|id_router_012                                                                                                                                                      ; 108   ; 0              ; 2            ; 0              ; 128    ; 0               ; 0             ; 0               ; 0     ; 0              ; 0            ; 0                ; 0                 ;
; inst|id_router_011|the_default_decode                                                                                                                                   ; 0     ; 27             ; 0            ; 27             ; 27     ; 27              ; 27            ; 27              ; 0     ; 0              ; 0            ; 0                ; 0                 ;
; inst|id_router_011                                                                                                                                                      ; 108   ; 0              ; 2            ; 0              ; 128    ; 0               ; 0             ; 0               ; 0     ; 0              ; 0            ; 0                ; 0                 ;
; inst|id_router_010|the_default_decode                                                                                                                                   ; 0     ; 27             ; 0            ; 27             ; 27     ; 27              ; 27            ; 27              ; 0     ; 0              ; 0            ; 0                ; 0                 ;
; inst|id_router_010                                                                                                                                                      ; 108   ; 0              ; 2            ; 0              ; 128    ; 0               ; 0             ; 0               ; 0     ; 0              ; 0            ; 0                ; 0                 ;
; inst|id_router_009|the_default_decode                                                                                                                                   ; 0     ; 27             ; 0            ; 27             ; 27     ; 27              ; 27            ; 27              ; 0     ; 0              ; 0            ; 0                ; 0                 ;
; inst|id_router_009                                                                                                                                                      ; 108   ; 0              ; 2            ; 0              ; 128    ; 0               ; 0             ; 0               ; 0     ; 0              ; 0            ; 0                ; 0                 ;
; inst|id_router_008|the_default_decode                                                                                                                                   ; 0     ; 27             ; 0            ; 27             ; 27     ; 27              ; 27            ; 27              ; 0     ; 0              ; 0            ; 0                ; 0                 ;
; inst|id_router_008                                                                                                                                                      ; 108   ; 0              ; 2            ; 0              ; 128    ; 0               ; 0             ; 0               ; 0     ; 0              ; 0            ; 0                ; 0                 ;
; inst|id_router_007|the_default_decode                                                                                                                                   ; 0     ; 27             ; 0            ; 27             ; 27     ; 27              ; 27            ; 27              ; 0     ; 0              ; 0            ; 0                ; 0                 ;
; inst|id_router_007                                                                                                                                                      ; 108   ; 0              ; 2            ; 0              ; 128    ; 0               ; 0             ; 0               ; 0     ; 0              ; 0            ; 0                ; 0                 ;
; inst|id_router_006|the_default_decode                                                                                                                                   ; 0     ; 27             ; 0            ; 27             ; 27     ; 27              ; 27            ; 27              ; 0     ; 0              ; 0            ; 0                ; 0                 ;
; inst|id_router_006                                                                                                                                                      ; 108   ; 0              ; 2            ; 0              ; 128    ; 0               ; 0             ; 0               ; 0     ; 0              ; 0            ; 0                ; 0                 ;
; inst|id_router_005|the_default_decode                                                                                                                                   ; 0     ; 27             ; 0            ; 27             ; 27     ; 27              ; 27            ; 27              ; 0     ; 0              ; 0            ; 0                ; 0                 ;
; inst|id_router_005                                                                                                                                                      ; 108   ; 0              ; 2            ; 0              ; 128    ; 0               ; 0             ; 0               ; 0     ; 0              ; 0            ; 0                ; 0                 ;
; inst|id_router_004|the_default_decode                                                                                                                                   ; 0     ; 27             ; 0            ; 27             ; 27     ; 27              ; 27            ; 27              ; 0     ; 0              ; 0            ; 0                ; 0                 ;
; inst|id_router_004                                                                                                                                                      ; 108   ; 0              ; 2            ; 0              ; 128    ; 0               ; 0             ; 0               ; 0     ; 0              ; 0            ; 0                ; 0                 ;
; inst|id_router_003|the_default_decode                                                                                                                                   ; 0     ; 27             ; 0            ; 27             ; 27     ; 27              ; 27            ; 27              ; 0     ; 0              ; 0            ; 0                ; 0                 ;
; inst|id_router_003                                                                                                                                                      ; 90    ; 0              ; 2            ; 0              ; 110    ; 0               ; 0             ; 0               ; 0     ; 0              ; 0            ; 0                ; 0                 ;
; inst|id_router_002|the_default_decode                                                                                                                                   ; 0     ; 27             ; 0            ; 27             ; 27     ; 27              ; 27            ; 27              ; 0     ; 0              ; 0            ; 0                ; 0                 ;
; inst|id_router_002                                                                                                                                                      ; 108   ; 0              ; 2            ; 0              ; 128    ; 0               ; 0             ; 0               ; 0     ; 0              ; 0            ; 0                ; 0                 ;
; inst|id_router_001|the_default_decode                                                                                                                                   ; 0     ; 27             ; 0            ; 27             ; 27     ; 27              ; 27            ; 27              ; 0     ; 0              ; 0            ; 0                ; 0                 ;
; inst|id_router_001                                                                                                                                                      ; 108   ; 0              ; 2            ; 0              ; 128    ; 0               ; 0             ; 0               ; 0     ; 0              ; 0            ; 0                ; 0                 ;
; inst|id_router|the_default_decode                                                                                                                                       ; 0     ; 27             ; 0            ; 27             ; 27     ; 27              ; 27            ; 27              ; 0     ; 0              ; 0            ; 0                ; 0                 ;
; inst|id_router                                                                                                                                                          ; 108   ; 0              ; 2            ; 0              ; 128    ; 0               ; 0             ; 0               ; 0     ; 0              ; 0            ; 0                ; 0                 ;
; inst|addr_router_001|the_default_decode                                                                                                                                 ; 0     ; 27             ; 0            ; 27             ; 27     ; 27              ; 27            ; 27              ; 0     ; 0              ; 0            ; 0                ; 0                 ;
; inst|addr_router_001                                                                                                                                                    ; 108   ; 0              ; 7            ; 0              ; 128    ; 0               ; 0             ; 0               ; 0     ; 0              ; 0            ; 0                ; 0                 ;
; inst|addr_router|the_default_decode                                                                                                                                     ; 0     ; 27             ; 0            ; 27             ; 27     ; 27              ; 27            ; 27              ; 0     ; 0              ; 0            ; 0                ; 0                 ;
; inst|addr_router                                                                                                                                                        ; 108   ; 0              ; 7            ; 0              ; 128    ; 0               ; 0             ; 0               ; 0     ; 0              ; 0            ; 0                ; 0                 ;
; inst|pio_16_s1_translator_avalon_universal_slave_0_agent_rsp_fifo                                                                                                       ; 148   ; 39             ; 0            ; 39             ; 107    ; 39              ; 39            ; 39              ; 0     ; 0              ; 0            ; 0                ; 0                 ;
; inst|pio_16_s1_translator_avalon_universal_slave_0_agent|uncompressor                                                                                                   ; 41    ; 1              ; 0            ; 1              ; 39     ; 1               ; 1             ; 1               ; 0     ; 0              ; 0            ; 0                ; 0                 ;
; inst|pio_16_s1_translator_avalon_universal_slave_0_agent                                                                                                                ; 310   ; 39             ; 59           ; 39             ; 317    ; 39              ; 39            ; 39              ; 0     ; 0              ; 0            ; 0                ; 0                 ;
; inst|pio_15_s1_translator_avalon_universal_slave_0_agent_rsp_fifo                                                                                                       ; 148   ; 39             ; 0            ; 39             ; 107    ; 39              ; 39            ; 39              ; 0     ; 0              ; 0            ; 0                ; 0                 ;
; inst|pio_15_s1_translator_avalon_universal_slave_0_agent|uncompressor                                                                                                   ; 41    ; 1              ; 0            ; 1              ; 39     ; 1               ; 1             ; 1               ; 0     ; 0              ; 0            ; 0                ; 0                 ;
; inst|pio_15_s1_translator_avalon_universal_slave_0_agent                                                                                                                ; 310   ; 39             ; 59           ; 39             ; 317    ; 39              ; 39            ; 39              ; 0     ; 0              ; 0            ; 0                ; 0                 ;
; inst|pio_14_s1_translator_avalon_universal_slave_0_agent_rsp_fifo                                                                                                       ; 148   ; 39             ; 0            ; 39             ; 107    ; 39              ; 39            ; 39              ; 0     ; 0              ; 0            ; 0                ; 0                 ;
; inst|pio_14_s1_translator_avalon_universal_slave_0_agent|uncompressor                                                                                                   ; 41    ; 1              ; 0            ; 1              ; 39     ; 1               ; 1             ; 1               ; 0     ; 0              ; 0            ; 0                ; 0                 ;
; inst|pio_14_s1_translator_avalon_universal_slave_0_agent                                                                                                                ; 310   ; 39             ; 59           ; 39             ; 317    ; 39              ; 39            ; 39              ; 0     ; 0              ; 0            ; 0                ; 0                 ;
; inst|pio_12_s1_translator_avalon_universal_slave_0_agent_rsp_fifo                                                                                                       ; 148   ; 39             ; 0            ; 39             ; 107    ; 39              ; 39            ; 39              ; 0     ; 0              ; 0            ; 0                ; 0                 ;
; inst|pio_12_s1_translator_avalon_universal_slave_0_agent|uncompressor                                                                                                   ; 41    ; 1              ; 0            ; 1              ; 39     ; 1               ; 1             ; 1               ; 0     ; 0              ; 0            ; 0                ; 0                 ;
; inst|pio_12_s1_translator_avalon_universal_slave_0_agent                                                                                                                ; 310   ; 39             ; 59           ; 39             ; 317    ; 39              ; 39            ; 39              ; 0     ; 0              ; 0            ; 0                ; 0                 ;
; inst|pio_13_s1_translator_avalon_universal_slave_0_agent_rsp_fifo                                                                                                       ; 148   ; 39             ; 0            ; 39             ; 107    ; 39              ; 39            ; 39              ; 0     ; 0              ; 0            ; 0                ; 0                 ;
; inst|pio_13_s1_translator_avalon_universal_slave_0_agent|uncompressor                                                                                                   ; 41    ; 1              ; 0            ; 1              ; 39     ; 1               ; 1             ; 1               ; 0     ; 0              ; 0            ; 0                ; 0                 ;
; inst|pio_13_s1_translator_avalon_universal_slave_0_agent                                                                                                                ; 310   ; 39             ; 59           ; 39             ; 317    ; 39              ; 39            ; 39              ; 0     ; 0              ; 0            ; 0                ; 0                 ;
; inst|pio_11_s1_translator_avalon_universal_slave_0_agent_rsp_fifo                                                                                                       ; 148   ; 39             ; 0            ; 39             ; 107    ; 39              ; 39            ; 39              ; 0     ; 0              ; 0            ; 0                ; 0                 ;
; inst|pio_11_s1_translator_avalon_universal_slave_0_agent|uncompressor                                                                                                   ; 41    ; 1              ; 0            ; 1              ; 39     ; 1               ; 1             ; 1               ; 0     ; 0              ; 0            ; 0                ; 0                 ;
; inst|pio_11_s1_translator_avalon_universal_slave_0_agent                                                                                                                ; 310   ; 39             ; 59           ; 39             ; 317    ; 39              ; 39            ; 39              ; 0     ; 0              ; 0            ; 0                ; 0                 ;
; inst|pio_10_s1_translator_avalon_universal_slave_0_agent_rsp_fifo                                                                                                       ; 148   ; 39             ; 0            ; 39             ; 107    ; 39              ; 39            ; 39              ; 0     ; 0              ; 0            ; 0                ; 0                 ;
; inst|pio_10_s1_translator_avalon_universal_slave_0_agent|uncompressor                                                                                                   ; 41    ; 1              ; 0            ; 1              ; 39     ; 1               ; 1             ; 1               ; 0     ; 0              ; 0            ; 0                ; 0                 ;
; inst|pio_10_s1_translator_avalon_universal_slave_0_agent                                                                                                                ; 310   ; 39             ; 59           ; 39             ; 317    ; 39              ; 39            ; 39              ; 0     ; 0              ; 0            ; 0                ; 0                 ;
; inst|pio_9_s1_translator_avalon_universal_slave_0_agent_rsp_fifo                                                                                                        ; 148   ; 39             ; 0            ; 39             ; 107    ; 39              ; 39            ; 39              ; 0     ; 0              ; 0            ; 0                ; 0                 ;
; inst|pio_9_s1_translator_avalon_universal_slave_0_agent|uncompressor                                                                                                    ; 41    ; 1              ; 0            ; 1              ; 39     ; 1               ; 1             ; 1               ; 0     ; 0              ; 0            ; 0                ; 0                 ;
; inst|pio_9_s1_translator_avalon_universal_slave_0_agent                                                                                                                 ; 310   ; 39             ; 59           ; 39             ; 317    ; 39              ; 39            ; 39              ; 0     ; 0              ; 0            ; 0                ; 0                 ;
; inst|pio_5_s1_translator_avalon_universal_slave_0_agent_rsp_fifo                                                                                                        ; 148   ; 39             ; 0            ; 39             ; 107    ; 39              ; 39            ; 39              ; 0     ; 0              ; 0            ; 0                ; 0                 ;
; inst|pio_5_s1_translator_avalon_universal_slave_0_agent|uncompressor                                                                                                    ; 41    ; 1              ; 0            ; 1              ; 39     ; 1               ; 1             ; 1               ; 0     ; 0              ; 0            ; 0                ; 0                 ;
; inst|pio_5_s1_translator_avalon_universal_slave_0_agent                                                                                                                 ; 310   ; 39             ; 59           ; 39             ; 317    ; 39              ; 39            ; 39              ; 0     ; 0              ; 0            ; 0                ; 0                 ;
; inst|pio_8_s1_translator_avalon_universal_slave_0_agent_rsp_fifo                                                                                                        ; 148   ; 39             ; 0            ; 39             ; 107    ; 39              ; 39            ; 39              ; 0     ; 0              ; 0            ; 0                ; 0                 ;
; inst|pio_8_s1_translator_avalon_universal_slave_0_agent|uncompressor                                                                                                    ; 41    ; 1              ; 0            ; 1              ; 39     ; 1               ; 1             ; 1               ; 0     ; 0              ; 0            ; 0                ; 0                 ;
; inst|pio_8_s1_translator_avalon_universal_slave_0_agent                                                                                                                 ; 310   ; 39             ; 59           ; 39             ; 317    ; 39              ; 39            ; 39              ; 0     ; 0              ; 0            ; 0                ; 0                 ;
; inst|pio_7_s1_translator_avalon_universal_slave_0_agent_rsp_fifo                                                                                                        ; 148   ; 39             ; 0            ; 39             ; 107    ; 39              ; 39            ; 39              ; 0     ; 0              ; 0            ; 0                ; 0                 ;
; inst|pio_7_s1_translator_avalon_universal_slave_0_agent|uncompressor                                                                                                    ; 41    ; 1              ; 0            ; 1              ; 39     ; 1               ; 1             ; 1               ; 0     ; 0              ; 0            ; 0                ; 0                 ;
; inst|pio_7_s1_translator_avalon_universal_slave_0_agent                                                                                                                 ; 310   ; 39             ; 59           ; 39             ; 317    ; 39              ; 39            ; 39              ; 0     ; 0              ; 0            ; 0                ; 0                 ;
; inst|pio_6_s1_translator_avalon_universal_slave_0_agent_rsp_fifo                                                                                                        ; 148   ; 39             ; 0            ; 39             ; 107    ; 39              ; 39            ; 39              ; 0     ; 0              ; 0            ; 0                ; 0                 ;
; inst|pio_6_s1_translator_avalon_universal_slave_0_agent|uncompressor                                                                                                    ; 41    ; 1              ; 0            ; 1              ; 39     ; 1               ; 1             ; 1               ; 0     ; 0              ; 0            ; 0                ; 0                 ;
; inst|pio_6_s1_translator_avalon_universal_slave_0_agent                                                                                                                 ; 310   ; 39             ; 59           ; 39             ; 317    ; 39              ; 39            ; 39              ; 0     ; 0              ; 0            ; 0                ; 0                 ;
; inst|pio_4_s1_translator_avalon_universal_slave_0_agent_rsp_fifo                                                                                                        ; 148   ; 39             ; 0            ; 39             ; 107    ; 39              ; 39            ; 39              ; 0     ; 0              ; 0            ; 0                ; 0                 ;
; inst|pio_4_s1_translator_avalon_universal_slave_0_agent|uncompressor                                                                                                    ; 41    ; 1              ; 0            ; 1              ; 39     ; 1               ; 1             ; 1               ; 0     ; 0              ; 0            ; 0                ; 0                 ;
; inst|pio_4_s1_translator_avalon_universal_slave_0_agent                                                                                                                 ; 310   ; 39             ; 59           ; 39             ; 317    ; 39              ; 39            ; 39              ; 0     ; 0              ; 0            ; 0                ; 0                 ;
; inst|pio_3_s1_translator_avalon_universal_slave_0_agent_rsp_fifo                                                                                                        ; 148   ; 39             ; 0            ; 39             ; 107    ; 39              ; 39            ; 39              ; 0     ; 0              ; 0            ; 0                ; 0                 ;
; inst|pio_3_s1_translator_avalon_universal_slave_0_agent|uncompressor                                                                                                    ; 41    ; 1              ; 0            ; 1              ; 39     ; 1               ; 1             ; 1               ; 0     ; 0              ; 0            ; 0                ; 0                 ;
; inst|pio_3_s1_translator_avalon_universal_slave_0_agent                                                                                                                 ; 310   ; 39             ; 59           ; 39             ; 317    ; 39              ; 39            ; 39              ; 0     ; 0              ; 0            ; 0                ; 0                 ;
; inst|pio_2_s1_translator_avalon_universal_slave_0_agent_rsp_fifo                                                                                                        ; 148   ; 39             ; 0            ; 39             ; 107    ; 39              ; 39            ; 39              ; 0     ; 0              ; 0            ; 0                ; 0                 ;
; inst|pio_2_s1_translator_avalon_universal_slave_0_agent|uncompressor                                                                                                    ; 41    ; 1              ; 0            ; 1              ; 39     ; 1               ; 1             ; 1               ; 0     ; 0              ; 0            ; 0                ; 0                 ;
; inst|pio_2_s1_translator_avalon_universal_slave_0_agent                                                                                                                 ; 310   ; 39             ; 59           ; 39             ; 317    ; 39              ; 39            ; 39              ; 0     ; 0              ; 0            ; 0                ; 0                 ;
; inst|pio_1_s1_translator_avalon_universal_slave_0_agent_rsp_fifo                                                                                                        ; 148   ; 39             ; 0            ; 39             ; 107    ; 39              ; 39            ; 39              ; 0     ; 0              ; 0            ; 0                ; 0                 ;
; inst|pio_1_s1_translator_avalon_universal_slave_0_agent|uncompressor                                                                                                    ; 41    ; 1              ; 0            ; 1              ; 39     ; 1               ; 1             ; 1               ; 0     ; 0              ; 0            ; 0                ; 0                 ;
; inst|pio_1_s1_translator_avalon_universal_slave_0_agent                                                                                                                 ; 310   ; 39             ; 59           ; 39             ; 317    ; 39              ; 39            ; 39              ; 0     ; 0              ; 0            ; 0                ; 0                 ;
; inst|pio_0_s1_translator_avalon_universal_slave_0_agent_rsp_fifo                                                                                                        ; 148   ; 39             ; 0            ; 39             ; 107    ; 39              ; 39            ; 39              ; 0     ; 0              ; 0            ; 0                ; 0                 ;
; inst|pio_0_s1_translator_avalon_universal_slave_0_agent|uncompressor                                                                                                    ; 41    ; 1              ; 0            ; 1              ; 39     ; 1               ; 1             ; 1               ; 0     ; 0              ; 0            ; 0                ; 0                 ;
; inst|pio_0_s1_translator_avalon_universal_slave_0_agent                                                                                                                 ; 310   ; 39             ; 59           ; 39             ; 317    ; 39              ; 39            ; 39              ; 0     ; 0              ; 0            ; 0                ; 0                 ;
; inst|altpll_0_pll_slave_translator_avalon_universal_slave_0_agent_rdata_fifo                                                                                            ; 79    ; 41             ; 0            ; 41             ; 36     ; 41              ; 41            ; 41              ; 0     ; 0              ; 0            ; 0                ; 0                 ;
; inst|altpll_0_pll_slave_translator_avalon_universal_slave_0_agent_rsp_fifo                                                                                              ; 148   ; 39             ; 0            ; 39             ; 107    ; 39              ; 39            ; 39              ; 0     ; 0              ; 0            ; 0                ; 0                 ;
; inst|altpll_0_pll_slave_translator_avalon_universal_slave_0_agent|uncompressor                                                                                          ; 41    ; 1              ; 0            ; 1              ; 39     ; 1               ; 1             ; 1               ; 0     ; 0              ; 0            ; 0                ; 0                 ;
; inst|altpll_0_pll_slave_translator_avalon_universal_slave_0_agent                                                                                                       ; 310   ; 39             ; 59           ; 39             ; 317    ; 39              ; 39            ; 39              ; 0     ; 0              ; 0            ; 0                ; 0                 ;
; inst|new_sdram_controller_0_s1_translator_avalon_universal_slave_0_agent_rdata_fifo                                                                                     ; 63    ; 41             ; 0            ; 41             ; 20     ; 41              ; 41            ; 41              ; 0     ; 0              ; 0            ; 0                ; 0                 ;
; inst|new_sdram_controller_0_s1_translator_avalon_universal_slave_0_agent_rsp_fifo                                                                                       ; 130   ; 39             ; 0            ; 39             ; 89     ; 39              ; 39            ; 39              ; 0     ; 0              ; 0            ; 0                ; 0                 ;
; inst|new_sdram_controller_0_s1_translator_avalon_universal_slave_0_agent|uncompressor                                                                                   ; 41    ; 1              ; 0            ; 1              ; 39     ; 1               ; 1             ; 1               ; 0     ; 0              ; 0            ; 0                ; 0                 ;
; inst|new_sdram_controller_0_s1_translator_avalon_universal_slave_0_agent                                                                                                ; 242   ; 22             ; 43           ; 22             ; 246    ; 22              ; 22            ; 22              ; 0     ; 0              ; 0            ; 0                ; 0                 ;
; inst|onchip_memory2_0_s1_translator_avalon_universal_slave_0_agent_rsp_fifo                                                                                             ; 148   ; 39             ; 0            ; 39             ; 107    ; 39              ; 39            ; 39              ; 0     ; 0              ; 0            ; 0                ; 0                 ;
; inst|onchip_memory2_0_s1_translator_avalon_universal_slave_0_agent|uncompressor                                                                                         ; 41    ; 1              ; 0            ; 1              ; 39     ; 1               ; 1             ; 1               ; 0     ; 0              ; 0            ; 0                ; 0                 ;
; inst|onchip_memory2_0_s1_translator_avalon_universal_slave_0_agent                                                                                                      ; 310   ; 39             ; 59           ; 39             ; 317    ; 39              ; 39            ; 39              ; 0     ; 0              ; 0            ; 0                ; 0                 ;
; inst|jtag_uart_0_avalon_jtag_slave_translator_avalon_universal_slave_0_agent_rsp_fifo                                                                                   ; 148   ; 39             ; 0            ; 39             ; 107    ; 39              ; 39            ; 39              ; 0     ; 0              ; 0            ; 0                ; 0                 ;
; inst|jtag_uart_0_avalon_jtag_slave_translator_avalon_universal_slave_0_agent|uncompressor                                                                               ; 41    ; 1              ; 0            ; 1              ; 39     ; 1               ; 1             ; 1               ; 0     ; 0              ; 0            ; 0                ; 0                 ;
; inst|jtag_uart_0_avalon_jtag_slave_translator_avalon_universal_slave_0_agent                                                                                            ; 310   ; 39             ; 59           ; 39             ; 317    ; 39              ; 39            ; 39              ; 0     ; 0              ; 0            ; 0                ; 0                 ;
; inst|nios2_qsys_0_jtag_debug_module_translator_avalon_universal_slave_0_agent_rsp_fifo                                                                                  ; 148   ; 39             ; 0            ; 39             ; 107    ; 39              ; 39            ; 39              ; 0     ; 0              ; 0            ; 0                ; 0                 ;
; inst|nios2_qsys_0_jtag_debug_module_translator_avalon_universal_slave_0_agent|uncompressor                                                                              ; 41    ; 1              ; 0            ; 1              ; 39     ; 1               ; 1             ; 1               ; 0     ; 0              ; 0            ; 0                ; 0                 ;
; inst|nios2_qsys_0_jtag_debug_module_translator_avalon_universal_slave_0_agent                                                                                           ; 310   ; 39             ; 59           ; 39             ; 317    ; 39              ; 39            ; 39              ; 0     ; 0              ; 0            ; 0                ; 0                 ;
; inst|nios2_qsys_0_instruction_master_translator_avalon_universal_master_0_agent                                                                                         ; 199   ; 39             ; 95           ; 39             ; 140    ; 39              ; 39            ; 39              ; 0     ; 0              ; 0            ; 0                ; 0                 ;
; inst|nios2_qsys_0_data_master_translator_avalon_universal_master_0_agent                                                                                                ; 199   ; 39             ; 95           ; 39             ; 140    ; 39              ; 39            ; 39              ; 0     ; 0              ; 0            ; 0                ; 0                 ;
; inst|pio_16_s1_translator                                                                                                                                               ; 109   ; 7              ; 26           ; 7              ; 36     ; 7               ; 7             ; 7               ; 0     ; 0              ; 0            ; 0                ; 0                 ;
; inst|pio_15_s1_translator                                                                                                                                               ; 109   ; 7              ; 26           ; 7              ; 36     ; 7               ; 7             ; 7               ; 0     ; 0              ; 0            ; 0                ; 0                 ;
; inst|pio_14_s1_translator                                                                                                                                               ; 109   ; 7              ; 26           ; 7              ; 36     ; 7               ; 7             ; 7               ; 0     ; 0              ; 0            ; 0                ; 0                 ;
; inst|pio_12_s1_translator                                                                                                                                               ; 109   ; 7              ; 26           ; 7              ; 70     ; 7               ; 7             ; 7               ; 0     ; 0              ; 0            ; 0                ; 0                 ;
; inst|pio_13_s1_translator                                                                                                                                               ; 109   ; 7              ; 26           ; 7              ; 36     ; 7               ; 7             ; 7               ; 0     ; 0              ; 0            ; 0                ; 0                 ;
; inst|pio_11_s1_translator                                                                                                                                               ; 109   ; 7              ; 26           ; 7              ; 70     ; 7               ; 7             ; 7               ; 0     ; 0              ; 0            ; 0                ; 0                 ;
; inst|pio_10_s1_translator                                                                                                                                               ; 109   ; 7              ; 26           ; 7              ; 36     ; 7               ; 7             ; 7               ; 0     ; 0              ; 0            ; 0                ; 0                 ;
; inst|pio_9_s1_translator                                                                                                                                                ; 109   ; 7              ; 26           ; 7              ; 36     ; 7               ; 7             ; 7               ; 0     ; 0              ; 0            ; 0                ; 0                 ;
; inst|pio_5_s1_translator                                                                                                                                                ; 109   ; 7              ; 26           ; 7              ; 70     ; 7               ; 7             ; 7               ; 0     ; 0              ; 0            ; 0                ; 0                 ;
; inst|pio_8_s1_translator                                                                                                                                                ; 109   ; 7              ; 26           ; 7              ; 70     ; 7               ; 7             ; 7               ; 0     ; 0              ; 0            ; 0                ; 0                 ;
; inst|pio_7_s1_translator                                                                                                                                                ; 109   ; 7              ; 26           ; 7              ; 70     ; 7               ; 7             ; 7               ; 0     ; 0              ; 0            ; 0                ; 0                 ;
; inst|pio_6_s1_translator                                                                                                                                                ; 109   ; 7              ; 26           ; 7              ; 70     ; 7               ; 7             ; 7               ; 0     ; 0              ; 0            ; 0                ; 0                 ;
; inst|pio_4_s1_translator                                                                                                                                                ; 109   ; 7              ; 26           ; 7              ; 70     ; 7               ; 7             ; 7               ; 0     ; 0              ; 0            ; 0                ; 0                 ;
; inst|pio_3_s1_translator                                                                                                                                                ; 109   ; 7              ; 26           ; 7              ; 70     ; 7               ; 7             ; 7               ; 0     ; 0              ; 0            ; 0                ; 0                 ;
; inst|pio_2_s1_translator                                                                                                                                                ; 109   ; 7              ; 26           ; 7              ; 70     ; 7               ; 7             ; 7               ; 0     ; 0              ; 0            ; 0                ; 0                 ;
; inst|pio_1_s1_translator                                                                                                                                                ; 109   ; 7              ; 26           ; 7              ; 70     ; 7               ; 7             ; 7               ; 0     ; 0              ; 0            ; 0                ; 0                 ;
; inst|pio_0_s1_translator                                                                                                                                                ; 109   ; 7              ; 26           ; 7              ; 70     ; 7               ; 7             ; 7               ; 0     ; 0              ; 0            ; 0                ; 0                 ;
; inst|altpll_0_pll_slave_translator                                                                                                                                      ; 109   ; 7              ; 23           ; 7              ; 70     ; 7               ; 7             ; 7               ; 0     ; 0              ; 0            ; 0                ; 0                 ;
; inst|new_sdram_controller_0_s1_translator                                                                                                                               ; 74    ; 5              ; 3            ; 5              ; 61     ; 5               ; 5             ; 5               ; 0     ; 0              ; 0            ; 0                ; 0                 ;
; inst|onchip_memory2_0_s1_translator                                                                                                                                     ; 109   ; 8              ; 12           ; 8              ; 86     ; 8               ; 8             ; 8               ; 0     ; 0              ; 0            ; 0                ; 0                 ;
; inst|jtag_uart_0_avalon_jtag_slave_translator                                                                                                                           ; 109   ; 6              ; 27           ; 6              ; 70     ; 6               ; 6             ; 6               ; 0     ; 0              ; 0            ; 0                ; 0                 ;
; inst|nios2_qsys_0_jtag_debug_module_translator                                                                                                                          ; 109   ; 6              ; 16           ; 6              ; 82     ; 6               ; 6             ; 6               ; 0     ; 0              ; 0            ; 0                ; 0                 ;
; inst|nios2_qsys_0_instruction_master_translator                                                                                                                         ; 110   ; 52             ; 0            ; 52             ; 101    ; 52              ; 52            ; 52              ; 0     ; 0              ; 0            ; 0                ; 0                 ;
; inst|nios2_qsys_0_data_master_translator                                                                                                                                ; 110   ; 13             ; 0            ; 13             ; 101    ; 13              ; 13            ; 13              ; 0     ; 0              ; 0            ; 0                ; 0                 ;
; inst|pio_16                                                                                                                                                             ; 5     ; 0              ; 0            ; 0              ; 32     ; 0               ; 0             ; 0               ; 0     ; 0              ; 0            ; 0                ; 0                 ;
; inst|pio_15                                                                                                                                                             ; 5     ; 0              ; 0            ; 0              ; 32     ; 0               ; 0             ; 0               ; 0     ; 0              ; 0            ; 0                ; 0                 ;
; inst|pio_14                                                                                                                                                             ; 5     ; 0              ; 0            ; 0              ; 32     ; 0               ; 0             ; 0               ; 0     ; 0              ; 0            ; 0                ; 0                 ;
; inst|pio_13                                                                                                                                                             ; 12    ; 0              ; 0            ; 0              ; 32     ; 0               ; 0             ; 0               ; 0     ; 0              ; 0            ; 0                ; 0                 ;
; inst|pio_12                                                                                                                                                             ; 38    ; 24             ; 24           ; 24             ; 40     ; 24              ; 24            ; 24              ; 0     ; 0              ; 0            ; 0                ; 0                 ;
; inst|pio_11                                                                                                                                                             ; 38    ; 31             ; 31           ; 31             ; 33     ; 31              ; 31            ; 31              ; 0     ; 0              ; 0            ; 0                ; 0                 ;
; inst|pio_10                                                                                                                                                             ; 5     ; 0              ; 0            ; 0              ; 32     ; 0               ; 0             ; 0               ; 0     ; 0              ; 0            ; 0                ; 0                 ;
; inst|pio_9                                                                                                                                                              ; 12    ; 0              ; 0            ; 0              ; 32     ; 0               ; 0             ; 0               ; 0     ; 0              ; 0            ; 0                ; 0                 ;
; inst|pio_8                                                                                                                                                              ; 38    ; 24             ; 24           ; 24             ; 40     ; 24              ; 24            ; 24              ; 0     ; 0              ; 0            ; 0                ; 0                 ;
; inst|pio_7                                                                                                                                                              ; 38    ; 24             ; 24           ; 24             ; 40     ; 24              ; 24            ; 24              ; 0     ; 0              ; 0            ; 0                ; 0                 ;
; inst|pio_6                                                                                                                                                              ; 38    ; 24             ; 24           ; 24             ; 40     ; 24              ; 24            ; 24              ; 0     ; 0              ; 0            ; 0                ; 0                 ;
; inst|pio_5                                                                                                                                                              ; 38    ; 24             ; 24           ; 24             ; 40     ; 24              ; 24            ; 24              ; 0     ; 0              ; 0            ; 0                ; 0                 ;
; inst|pio_4                                                                                                                                                              ; 38    ; 24             ; 24           ; 24             ; 40     ; 24              ; 24            ; 24              ; 0     ; 0              ; 0            ; 0                ; 0                 ;
; inst|pio_3                                                                                                                                                              ; 38    ; 24             ; 24           ; 24             ; 40     ; 24              ; 24            ; 24              ; 0     ; 0              ; 0            ; 0                ; 0                 ;
; inst|pio_2                                                                                                                                                              ; 38    ; 24             ; 24           ; 24             ; 40     ; 24              ; 24            ; 24              ; 0     ; 0              ; 0            ; 0                ; 0                 ;
; inst|pio_1                                                                                                                                                              ; 38    ; 24             ; 24           ; 24             ; 40     ; 24              ; 24            ; 24              ; 0     ; 0              ; 0            ; 0                ; 0                 ;
; inst|pio_0                                                                                                                                                              ; 38    ; 24             ; 24           ; 24             ; 40     ; 24              ; 24            ; 24              ; 0     ; 0              ; 0            ; 0                ; 0                 ;
; inst|altpll_0|stdsync2|dffpipe3                                                                                                                                         ; 3     ; 0              ; 0            ; 0              ; 1      ; 0               ; 0             ; 0               ; 0     ; 0              ; 0            ; 0                ; 0                 ;
; inst|altpll_0|stdsync2                                                                                                                                                  ; 3     ; 0              ; 0            ; 0              ; 1      ; 0               ; 0             ; 0               ; 0     ; 0              ; 0            ; 0                ; 0                 ;
; inst|altpll_0                                                                                                                                                           ; 38    ; 30             ; 30           ; 30             ; 34     ; 30              ; 30            ; 30              ; 0     ; 0              ; 0            ; 0                ; 0                 ;
; inst|new_sdram_controller_0|the_system_test_new_sdram_controller_0_input_efifo_module                                                                                   ; 45    ; 0              ; 0            ; 0              ; 45     ; 0               ; 0             ; 0               ; 0     ; 0              ; 0            ; 0                ; 0                 ;
; inst|new_sdram_controller_0                                                                                                                                             ; 45    ; 1              ; 1            ; 1              ; 39     ; 1               ; 1             ; 1               ; 16    ; 0              ; 0            ; 0                ; 0                 ;
; inst|jtag_uart_0|the_system_test_jtag_uart_0_scfifo_r|rfifo|auto_generated|dpfifo|wr_ptr                                                                                ; 4     ; 0              ; 0            ; 0              ; 6      ; 0               ; 0             ; 0               ; 0     ; 0              ; 0            ; 0                ; 0                 ;
; inst|jtag_uart_0|the_system_test_jtag_uart_0_scfifo_r|rfifo|auto_generated|dpfifo|rd_ptr_count                                                                          ; 4     ; 0              ; 0            ; 0              ; 6      ; 0               ; 0             ; 0               ; 0     ; 0              ; 0            ; 0                ; 0                 ;
; inst|jtag_uart_0|the_system_test_jtag_uart_0_scfifo_r|rfifo|auto_generated|dpfifo|FIFOram|altsyncram2                                                                   ; 24    ; 0              ; 0            ; 0              ; 8      ; 0               ; 0             ; 0               ; 0     ; 0              ; 0            ; 0                ; 0                 ;
; inst|jtag_uart_0|the_system_test_jtag_uart_0_scfifo_r|rfifo|auto_generated|dpfifo|FIFOram                                                                               ; 24    ; 0              ; 0            ; 0              ; 8      ; 0               ; 0             ; 0               ; 0     ; 0              ; 0            ; 0                ; 0                 ;
; inst|jtag_uart_0|the_system_test_jtag_uart_0_scfifo_r|rfifo|auto_generated|dpfifo|fifo_state|count_usedw                                                                ; 5     ; 0              ; 0            ; 0              ; 6      ; 0               ; 0             ; 0               ; 0     ; 0              ; 0            ; 0                ; 0                 ;
; inst|jtag_uart_0|the_system_test_jtag_uart_0_scfifo_r|rfifo|auto_generated|dpfifo|fifo_state                                                                            ; 5     ; 0              ; 0            ; 0              ; 8      ; 0               ; 0             ; 0               ; 0     ; 0              ; 0            ; 0                ; 0                 ;
; inst|jtag_uart_0|the_system_test_jtag_uart_0_scfifo_r|rfifo|auto_generated|dpfifo                                                                                       ; 13    ; 0              ; 0            ; 0              ; 16     ; 0               ; 0             ; 0               ; 0     ; 0              ; 0            ; 0                ; 0                 ;
; inst|jtag_uart_0|the_system_test_jtag_uart_0_scfifo_r|rfifo|auto_generated                                                                                              ; 12    ; 0              ; 0            ; 0              ; 16     ; 0               ; 0             ; 0               ; 0     ; 0              ; 0            ; 0                ; 0                 ;
; inst|jtag_uart_0|the_system_test_jtag_uart_0_scfifo_r                                                                                                                   ; 13    ; 0              ; 1            ; 0              ; 16     ; 0               ; 0             ; 0               ; 0     ; 0              ; 0            ; 0                ; 0                 ;
; inst|jtag_uart_0|the_system_test_jtag_uart_0_scfifo_w|wfifo|auto_generated|dpfifo|wr_ptr                                                                                ; 4     ; 0              ; 0            ; 0              ; 6      ; 0               ; 0             ; 0               ; 0     ; 0              ; 0            ; 0                ; 0                 ;
; inst|jtag_uart_0|the_system_test_jtag_uart_0_scfifo_w|wfifo|auto_generated|dpfifo|rd_ptr_count                                                                          ; 4     ; 0              ; 0            ; 0              ; 6      ; 0               ; 0             ; 0               ; 0     ; 0              ; 0            ; 0                ; 0                 ;
; inst|jtag_uart_0|the_system_test_jtag_uart_0_scfifo_w|wfifo|auto_generated|dpfifo|FIFOram|altsyncram2                                                                   ; 24    ; 0              ; 0            ; 0              ; 8      ; 0               ; 0             ; 0               ; 0     ; 0              ; 0            ; 0                ; 0                 ;
; inst|jtag_uart_0|the_system_test_jtag_uart_0_scfifo_w|wfifo|auto_generated|dpfifo|FIFOram                                                                               ; 24    ; 0              ; 0            ; 0              ; 8      ; 0               ; 0             ; 0               ; 0     ; 0              ; 0            ; 0                ; 0                 ;
; inst|jtag_uart_0|the_system_test_jtag_uart_0_scfifo_w|wfifo|auto_generated|dpfifo|fifo_state|count_usedw                                                                ; 5     ; 0              ; 0            ; 0              ; 6      ; 0               ; 0             ; 0               ; 0     ; 0              ; 0            ; 0                ; 0                 ;
; inst|jtag_uart_0|the_system_test_jtag_uart_0_scfifo_w|wfifo|auto_generated|dpfifo|fifo_state                                                                            ; 5     ; 0              ; 0            ; 0              ; 8      ; 0               ; 0             ; 0               ; 0     ; 0              ; 0            ; 0                ; 0                 ;
; inst|jtag_uart_0|the_system_test_jtag_uart_0_scfifo_w|wfifo|auto_generated|dpfifo                                                                                       ; 13    ; 0              ; 0            ; 0              ; 16     ; 0               ; 0             ; 0               ; 0     ; 0              ; 0            ; 0                ; 0                 ;
; inst|jtag_uart_0|the_system_test_jtag_uart_0_scfifo_w|wfifo|auto_generated                                                                                              ; 12    ; 0              ; 0            ; 0              ; 16     ; 0               ; 0             ; 0               ; 0     ; 0              ; 0            ; 0                ; 0                 ;
; inst|jtag_uart_0|the_system_test_jtag_uart_0_scfifo_w                                                                                                                   ; 12    ; 0              ; 0            ; 0              ; 16     ; 0               ; 0             ; 0               ; 0     ; 0              ; 0            ; 0                ; 0                 ;
; inst|jtag_uart_0                                                                                                                                                        ; 38    ; 10             ; 23           ; 10             ; 34     ; 10              ; 10            ; 10              ; 0     ; 0              ; 0            ; 0                ; 0                 ;
; inst|onchip_memory2_0|the_altsyncram|auto_generated|mux2                                                                                                                ; 65    ; 0              ; 0            ; 0              ; 32     ; 0               ; 0             ; 0               ; 0     ; 0              ; 0            ; 0                ; 0                 ;
; inst|onchip_memory2_0|the_altsyncram|auto_generated|deep_decode                                                                                                         ; 2     ; 0              ; 0            ; 0              ; 2      ; 0               ; 0             ; 0               ; 0     ; 0              ; 0            ; 0                ; 0                 ;
; inst|onchip_memory2_0|the_altsyncram|auto_generated|decode3                                                                                                             ; 2     ; 0              ; 0            ; 0              ; 2      ; 0               ; 0             ; 0               ; 0     ; 0              ; 0            ; 0                ; 0                 ;
; inst|onchip_memory2_0|the_altsyncram|auto_generated                                                                                                                     ; 52    ; 0              ; 0            ; 0              ; 32     ; 0               ; 0             ; 0               ; 0     ; 0              ; 0            ; 0                ; 0                 ;
; inst|onchip_memory2_0                                                                                                                                                   ; 55    ; 0              ; 1            ; 0              ; 32     ; 0               ; 0             ; 0               ; 0     ; 0              ; 0            ; 0                ; 0                 ;
; inst|nios2_qsys_0|the_system_test_nios2_qsys_0_nios2_oci|the_system_test_nios2_qsys_0_jtag_debug_module_wrapper|the_system_test_nios2_qsys_0_jtag_debug_module_sysclk   ; 43    ; 0              ; 0            ; 0              ; 51     ; 0               ; 0             ; 0               ; 0     ; 0              ; 0            ; 0                ; 0                 ;
; inst|nios2_qsys_0|the_system_test_nios2_qsys_0_nios2_oci|the_system_test_nios2_qsys_0_jtag_debug_module_wrapper|the_system_test_nios2_qsys_0_jtag_debug_module_tck      ; 130   ; 0              ; 1            ; 0              ; 43     ; 0               ; 0             ; 0               ; 0     ; 0              ; 0            ; 0                ; 0                 ;
; inst|nios2_qsys_0|the_system_test_nios2_qsys_0_nios2_oci|the_system_test_nios2_qsys_0_jtag_debug_module_wrapper                                                         ; 123   ; 0              ; 0            ; 0              ; 53     ; 0               ; 0             ; 0               ; 0     ; 0              ; 0            ; 0                ; 0                 ;
; inst|nios2_qsys_0|the_system_test_nios2_qsys_0_nios2_oci|the_system_test_nios2_qsys_0_nios2_oci_im                                                                      ; 97    ; 36             ; 93           ; 36             ; 48     ; 36              ; 36            ; 36              ; 0     ; 0              ; 0            ; 0                ; 0                 ;
; inst|nios2_qsys_0|the_system_test_nios2_qsys_0_nios2_oci|the_system_test_nios2_qsys_0_nios2_oci_pib                                                                     ; 39    ; 20             ; 38           ; 20             ; 19     ; 20              ; 20            ; 20              ; 0     ; 0              ; 0            ; 0                ; 0                 ;
; inst|nios2_qsys_0|the_system_test_nios2_qsys_0_nios2_oci|the_system_test_nios2_qsys_0_nios2_oci_fifo|the_system_test_nios2_qsys_0_oci_test_bench                        ; 36    ; 0              ; 36           ; 0              ; 0      ; 0               ; 0             ; 0               ; 0     ; 0              ; 0            ; 0                ; 0                 ;
; inst|nios2_qsys_0|the_system_test_nios2_qsys_0_nios2_oci|the_system_test_nios2_qsys_0_nios2_oci_fifo|system_test_nios2_qsys_0_nios2_oci_fifocount_inc_fifocount         ; 5     ; 0              ; 0            ; 0              ; 5      ; 0               ; 0             ; 0               ; 0     ; 0              ; 0            ; 0                ; 0                 ;
; inst|nios2_qsys_0|the_system_test_nios2_qsys_0_nios2_oci|the_system_test_nios2_qsys_0_nios2_oci_fifo|system_test_nios2_qsys_0_nios2_oci_fifowp_inc_fifowp               ; 4     ; 2              ; 0            ; 2              ; 4      ; 2               ; 2             ; 2               ; 0     ; 0              ; 0            ; 0                ; 0                 ;
; inst|nios2_qsys_0|the_system_test_nios2_qsys_0_nios2_oci|the_system_test_nios2_qsys_0_nios2_oci_fifo|system_test_nios2_qsys_0_nios2_oci_compute_tm_count_tm_count       ; 3     ; 0              ; 0            ; 0              ; 2      ; 0               ; 0             ; 0               ; 0     ; 0              ; 0            ; 0                ; 0                 ;
; inst|nios2_qsys_0|the_system_test_nios2_qsys_0_nios2_oci|the_system_test_nios2_qsys_0_nios2_oci_fifo                                                                    ; 151   ; 0              ; 65           ; 0              ; 36     ; 0               ; 0             ; 0               ; 0     ; 0              ; 0            ; 0                ; 0                 ;
; inst|nios2_qsys_0|the_system_test_nios2_qsys_0_nios2_oci|the_system_test_nios2_qsys_0_nios2_oci_dtrace|system_test_nios2_qsys_0_nios2_oci_trc_ctrl_td_mode              ; 9     ; 0              ; 6            ; 0              ; 4      ; 0               ; 0             ; 0               ; 0     ; 0              ; 0            ; 0                ; 0                 ;
; inst|nios2_qsys_0|the_system_test_nios2_qsys_0_nios2_oci|the_system_test_nios2_qsys_0_nios2_oci_dtrace                                                                  ; 110   ; 0              ; 99           ; 0              ; 72     ; 0               ; 0             ; 0               ; 0     ; 0              ; 0            ; 0                ; 0                 ;
; inst|nios2_qsys_0|the_system_test_nios2_qsys_0_nios2_oci|the_system_test_nios2_qsys_0_nios2_oci_itrace                                                                  ; 25    ; 17             ; 23           ; 17             ; 87     ; 17              ; 17            ; 17              ; 0     ; 0              ; 0            ; 0                ; 0                 ;
; inst|nios2_qsys_0|the_system_test_nios2_qsys_0_nios2_oci|the_system_test_nios2_qsys_0_nios2_oci_dbrk                                                                    ; 95    ; 0              ; 0            ; 0              ; 99     ; 0               ; 0             ; 0               ; 0     ; 0              ; 0            ; 0                ; 0                 ;
; inst|nios2_qsys_0|the_system_test_nios2_qsys_0_nios2_oci|the_system_test_nios2_qsys_0_nios2_oci_xbrk                                                                    ; 61    ; 5              ; 58           ; 5              ; 6      ; 5               ; 5             ; 5               ; 0     ; 0              ; 0            ; 0                ; 0                 ;
; inst|nios2_qsys_0|the_system_test_nios2_qsys_0_nios2_oci|the_system_test_nios2_qsys_0_nios2_oci_break                                                                   ; 52    ; 36             ; 6            ; 36             ; 71     ; 36              ; 36            ; 36              ; 0     ; 0              ; 0            ; 0                ; 0                 ;
; inst|nios2_qsys_0|the_system_test_nios2_qsys_0_nios2_oci|the_system_test_nios2_qsys_0_nios2_avalon_reg                                                                  ; 48    ; 0              ; 29           ; 0              ; 68     ; 0               ; 0             ; 0               ; 0     ; 0              ; 0            ; 0                ; 0                 ;
; inst|nios2_qsys_0|the_system_test_nios2_qsys_0_nios2_oci|the_system_test_nios2_qsys_0_nios2_ocimem|system_test_nios2_qsys_0_ociram_sp_ram|the_altsyncram|auto_generated ; 46    ; 0              ; 0            ; 0              ; 32     ; 0               ; 0             ; 0               ; 0     ; 0              ; 0            ; 0                ; 0                 ;
; inst|nios2_qsys_0|the_system_test_nios2_qsys_0_nios2_oci|the_system_test_nios2_qsys_0_nios2_ocimem|system_test_nios2_qsys_0_ociram_sp_ram                               ; 46    ; 0              ; 0            ; 0              ; 32     ; 0               ; 0             ; 0               ; 0     ; 0              ; 0            ; 0                ; 0                 ;
; inst|nios2_qsys_0|the_system_test_nios2_qsys_0_nios2_oci|the_system_test_nios2_qsys_0_nios2_ocimem                                                                      ; 91    ; 0              ; 6            ; 0              ; 65     ; 0               ; 0             ; 0               ; 0     ; 0              ; 0            ; 0                ; 0                 ;
; inst|nios2_qsys_0|the_system_test_nios2_qsys_0_nios2_oci|the_system_test_nios2_qsys_0_nios2_oci_debug                                                                   ; 50    ; 1              ; 30           ; 1              ; 7      ; 1               ; 1             ; 1               ; 0     ; 0              ; 0            ; 0                ; 0                 ;
; inst|nios2_qsys_0|the_system_test_nios2_qsys_0_nios2_oci                                                                                                                ; 171   ; 0              ; 0            ; 0              ; 69     ; 0               ; 0             ; 0               ; 0     ; 0              ; 0            ; 0                ; 0                 ;
; inst|nios2_qsys_0|system_test_nios2_qsys_0_register_bank_b|the_altsyncram|auto_generated                                                                                ; 44    ; 0              ; 0            ; 0              ; 32     ; 0               ; 0             ; 0               ; 0     ; 0              ; 0            ; 0                ; 0                 ;
; inst|nios2_qsys_0|system_test_nios2_qsys_0_register_bank_b                                                                                                              ; 44    ; 0              ; 0            ; 0              ; 32     ; 0               ; 0             ; 0               ; 0     ; 0              ; 0            ; 0                ; 0                 ;
; inst|nios2_qsys_0|system_test_nios2_qsys_0_register_bank_a|the_altsyncram|auto_generated                                                                                ; 44    ; 0              ; 0            ; 0              ; 32     ; 0               ; 0             ; 0               ; 0     ; 0              ; 0            ; 0                ; 0                 ;
; inst|nios2_qsys_0|system_test_nios2_qsys_0_register_bank_a                                                                                                              ; 44    ; 0              ; 0            ; 0              ; 32     ; 0               ; 0             ; 0               ; 0     ; 0              ; 0            ; 0                ; 0                 ;
; inst|nios2_qsys_0|the_system_test_nios2_qsys_0_test_bench                                                                                                               ; 293   ; 3              ; 256          ; 3              ; 34     ; 3               ; 3             ; 3               ; 0     ; 0              ; 0            ; 0                ; 0                 ;
; inst|nios2_qsys_0                                                                                                                                                       ; 148   ; 0              ; 31           ; 0              ; 124    ; 0               ; 0             ; 0               ; 0     ; 0              ; 0            ; 0                ; 0                 ;
; inst                                                                                                                                                                    ; 22    ; 0              ; 0            ; 0              ; 103    ; 0               ; 0             ; 0               ; 16    ; 0              ; 0            ; 0                ; 0                 ;
+-------------------------------------------------------------------------------------------------------------------------------------------------------------------------+-------+----------------+--------------+----------------+--------+-----------------+---------------+-----------------+-------+----------------+--------------+------------------+-------------------+
